Mutation type,Trinucleotide,hdp.1,hdp.2,hdp.3,hdp.4
C>A,ACA,0.00990619056945024,0.0171542505126249,0.00392662136276204,0.028211802976003
C>A,ACC,0.00880182400055667,0.0136032425050286,0.00696509731797595,0.014305496948121
C>A,ACG,0.00216496251158098,0.00334292968418009,0.00221877186043384,0.000913780704517494
C>A,ACT,0.00659758015776505,0.0113505260083251,0.00384226346562933,0.0180775044525141
C>A,CCA,0.00349211034462634,0.0177872775247081,0.00421471153976241,0.0264778483708454
C>A,CCC,0.0042221819432699,0.0178966896008706,0.00389399236481448,0.0123813570906411
C>A,CCG,0.00236193032950864,0.00507007745788856,0.000971707475462596,0.000694869554708967
C>A,CCT,0.0049988299774918,0.01508812068152,0.00244797067528497,0.0250598786380359
C>A,GCA,0.00445057482616608,0.0184183507497169,0.00383112185657407,0.0229212850975987
C>A,GCC,0.0045712246291702,0.0393785784831383,0.00509887780121937,0.00247488465066337
C>A,GCG,0.00094780240592542,0.0165124314587072,0.000454418483611091,0.000937058586963197
C>A,GCT,0.00486471228950117,0.0230097503743944,0.00167362884594418,0.0147973041240483
C>A,TCA,0.0149403737450316,0.0127992591239414,0.00480282933203666,0.0330952055486547
C>A,TCC,0.0146603539696872,0.0244369918321931,0.0134017640350451,0.00696751596268407
C>A,TCG,0.00100504091711807,0.00469495033961704,0.00183995715255489,0.00262099050856725
C>A,TCT,0.0167175734013761,0.0178703134753671,0.0050009908073767,0.0468836363420244
C>G,ACA,0.00645897317477892,0.00711862320532446,0.00215271803532049,0.00452829104683114
C>G,ACC,0.000757568530491011,0.00366335076437035,0.00318809184824173,0.00455553112203356
C>G,ACG,0.00233050526454013,0.00127679985307521,0.00011619106586203,0.000546782600426728
C>G,ACT,0.00435293266001391,0.00257509136396806,0.0027663023625782,0.00565256324154914
C>G,CCA,0.00417055505082163,0.00317978846347346,0.00265488627202557,0.00321779579254751
C>G,CCC,0.00411051073025678,0.00448101065497781,0.0021264556711188,0.00239415497324529
C>G,CCG,0.00103478249646328,0.000684802369552964,0.00122557699607895,0.000924181460503872
C>G,CCT,0.0065790618159086,0.00633222390790629,0.00317376692231354,0.00422865021960453
C>G,GCA,0.00216776832095317,0.00345136486680545,0.00276709819179643,0.00262594324951315
C>G,GCC,0.00117956226006823,0.00345527244095411,0.0017030745270188,0.00310834021764325
C>G,GCG,0.00128618301621141,0.000832313293664943,0.000238748765469925,0.000427421543630676
C>G,GCT,0.00328279696546105,0.00231035321539623,0.00242966660326561,0.00229955762117871
C>G,TCA,0.0681211234236262,0.003017624136304,0.00214873888922933,0.00269429107456649
C>G,TCC,0.022995852452586,0.00722608149441266,0.00231586302505827,0.00116488467047433
C>G,TCG,0.00342084278657274,0.00173398602846863,0.000800604193542483,0.000404143661184973
C>G,TCT,0.0921988959701282,0.00387729044900958,0.00486092486496768,0.00387502451606768
C>T,ACA,0.00748421591937675,0.00717235234986856,0.0830216998752936,0.00828197340972441
C>T,ACC,0.00236417497700639,0.00455818524441388,0.0522422090309108,0.00089149337026097
C>T,ACG,0.0392689856494074,0.00233282176675104,0.0403549079981632,0.0903389854013008
C>T,ACT,0.0026419501048531,0.00113221960957473,0.076098781505884,0.00461050654653298
C>T,CCA,0.0110807023726485,0.00615540617767935,0.0592470978097984,0.00773221916473015
C>T,CCC,0.0080610903262988,0.0125198675723121,0.0238557766457549,0.0104552361367828
C>T,CCG,0.0361691274550131,0.00570701204412042,0.0275452409014835,0.0505169670999324
C>T,CCT,0.0126519556210743,0.0114198854494638,0.0450686044577578,0.00970093369072312
C>T,GCA,0.00337594983661772,0.0100952178130675,0.0413488986917363,0.0133892398731306
C>T,GCC,0.00215654508346441,0.0182503250613245,0.0489474760674258,0.0049467976567592
C>T,GCG,0.0350075223749268,0.0078522702517357,0.0327237016245262,0.0706954242616949
C>T,GCT,0.00613630509697719,0.0157807381993703,0.0264660964815594,0.0105280414286875
C>T,TCA,0.130313571643817,0.00691347556251972,0.0244407111211562,0.0304058672150341
C>T,TCC,0.0428435867895761,0.011137563217223,0.0241852499421034,0.0206346046028793
C>T,TCG,0.0307157563592267,0.0043540144951463,0.0162054703708803,0.039285636456928
C>T,TCT,0.0859295955089093,0.0053318849258489,0.0199140345278465,0.0275585364452395
T>A,ATA,0.00425472933198729,0.00615345239060502,0.0076495104456564,0.0102348391646905
T>A,ATC,0.00269469932105025,0.00592681308998264,0.00610480593306599,0.00829385998799456
T>A,ATG,0.00852461003458441,0.0081629223965543,0.00536070561401805,0.00630038175727211
T>A,ATT,0.00198146257863982,0.00920624469424698,0.00834108603630095,0.0297768691149056
T>A,CTA,0.00262623757236884,0.00969273767575536,0.00284349779674681,0.00372297536902873
T>A,CTC,0.00266551890357948,0.00708540882506084,0.00434681918998911,0.00559114925382005
T>A,CTG,0.00438828585810349,0.0133766032044062,0.00328757050052087,0.00347038558078812
T>A,CTT,0.0079645704838955,0.00597956534098957,0.00332179115690489,0.00912492991871562
T>A,GTA,0.00190626688746516,0.00410979111085495,0.00215988049828459,0.00328465779531708
T>A,GTC,0.00132714783304536,0.0032520785852237,0.00431498602125978,0.00223220034431455
T>A,GTG,0.00281647144780325,0.00484246126372902,0.00372448074133083,0.0030449451335358
T>A,GTT,0.0046380028922283,0.0044077436396904,0.00267876114857256,0.00428263509591478
T>A,TTA,0.00259874064052139,0.0106500933421775,0.00531932249466993,0.018924423154262
T>A,TTC,0.00529456228532051,0.00704633308357422,0.00374915144709606,0.00234611338607012
T>A,TTG,0.00273622529975864,0.00877641153789419,0.00177231166900508,0.00275719088457934
T>A,TTT,0.00541128395520357,0.013907056395087,0.00126855177386354,0.0180240148502985
T>C,ATA,0.0164218410935474,0.066056564089589,0.0148979229653233,0.00541334585386244
T>C,ATC,0.00536190171025304,0.0100141356494828,0.00533683073747106,0.00563324755186015
T>C,ATG,0.00898869090474446,0.0365162804192436,0.0163662278729634,0.00311279768449455
T>C,ATT,0.0126440993548322,0.0267756749601672,0.0157995974695814,0.0108791907617514
T>C,CTA,0.00175755899073915,0.0186703892823056,0.00860848465362727,0.00491510011470548
T>C,CTC,0.00587199785411699,0.00857224078862662,0.00462933856246185,0.00629493374223163
T>C,CTG,0.00454990047794157,0.0134010255428353,0.00931279351176355,0.00603640066485595
T>C,CTT,0.00803864385132128,0.0107966273727523,0.00584934475401317,0.00963010949519683
T>C,GTA,0.00675246083510988,0.0250729495248878,0.0103290674234472,0.00482743659996315
T>C,GTC,0.00244385996317656,0.0150314608563644,0.00299868449430226,0.00551190539868574
T>C,GTG,0.00528614485720394,0.0118497186058166,0.00864668445610246,0.0032138335997908
T>C,GTT,0.0107961933023086,0.0169705945276378,0.01102143884331,0.00405282791602529
T>C,TTA,0.00435910544063272,0.053171338334377,0.0146106286175412,0.00269775799322861
T>C,TTC,0.00398817744162935,0.0116445709630119,0.00955154227723347,0.00808138740141569
T>C,TTG,0.00206844266917768,0.0267668829183327,0.0105065373391132,0.00176119468036001
T>C,TTT,0.00620757265503079,0.0250553654412189,0.0124857646048589,0.0128979279712979
T>G,ATA,0.00216103437845991,0.00345331865387978,0.00279336055599813,0.00303900184440073
T>G,ATC,0.00160716760838982,0.00150246226016043,0.000843578971327069,0.00175475611713034
T>G,ATG,0.00160828993213869,0.00176426972812076,0.00240181258062745,0.00345354626157208
T>G,ATT,0.00367785492506525,0.00505933162897974,0.00302733434615865,0.005743198400859
T>G,CTA,0.000865311610383066,0.00261807467960334,0.00257212003332933,0.00234958030473225
T>G,CTC,0.00269918861604575,0.00329213122024749,0.0010751652738329,0.00237384873536713
T>G,CTG,0.00303813038820617,0.00455232388319089,0.00187099449206598,0.00335350089446502
T>G,CTT,0.00536246287212748,0.00124260857927442,0.00170625784389173,0.0187114552935886
T>G,GTA,0.0014954963953767,0.00221657143582835,0.00116350231705677,0.00124908126655454
T>G,GTC,0.00145902087353824,0.00256141485444775,0.000556284623544926,0.000287258974861868
T>G,GTG,0.00252578959684447,0.00242074218509593,0.00180255317929794,0.00303652547392778
T>G,GTT,0.00297808606764133,0.00583010062980326,0.00152640044057106,0.00515085058373005
T>G,TTA,0.00273173600476314,0.00378448556297886,0.00235087951066053,0.00359172773396253
T>G,TTC,0.00251737216872791,0.00339079746750119,0.0021288431587735,0.00146303967541717
T>G,TTG,0.00408357496028377,0.00568942796045144,0.000870637164746994,0.00457979955266844
T>G,TTT,0.00847186081838725,0.00733744735764952,0.00519676479506204,0.0140514213375967
