Mutation type,Trinucleotide,low confidence hdp.1
C>A,ACA,0.0160488955454113
C>A,ACC,0.0134286371966076
C>A,ACG,0.00181011572184904
C>A,ACT,0.0120445189815521
C>A,CCA,0.0136842357006837
C>A,CCC,0.00863653892720375
C>A,CCG,0.00124062431803031
C>A,CCT,0.0142298114549982
C>A,GCA,0.0137709299301364
C>A,GCC,0.00901321040689488
C>A,GCG,0.00261577416452173
C>A,GCT,0.0100789515379257
C>A,TCA,0.0201519241634754
C>A,TCC,0.0110221249652476
C>A,TCG,0.00182207354660114
C>A,TCT,0.0302697386318455
C>G,ACA,0.00454696286198578
C>G,ACC,0.00151565428732859
C>G,ACG,0.00110161460528715
C>G,ACT,0.000895342128313438
C>G,CCA,0.00223611322864258
C>G,CCC,0.00263072144546186
C>G,CCG,0.000817616267424793
C>G,CCT,0.00384892484208198
C>G,GCA,0.00291920396760625
C>G,GCC,0.0017817158880628
C>G,GCG,0.000808647898860718
C>G,GCT,0.00104630966580869
C>G,TCA,0.0180757468408922
C>G,TCC,0.00687724396055114
C>G,TCG,0.00153060156826872
C>G,TCT,0.0218544194625556
C>T,ACA,0.0249903590037936
C>T,ACC,0.0124092326364911
C>T,ACG,0.0820710354579398
C>T,ACT,0.0165526189130935
C>T,CCA,0.0177304646511753
C>T,CCC,0.0147918292183469
C>T,CCG,0.054890899796418
C>T,CCT,0.0168156910576397
C>T,GCA,0.0163792304541881
C>T,GCC,0.0154300781144902
C>T,GCG,0.0616679969746703
C>T,GCT,0.0137963403077346
C>T,TCA,0.0642329503839957
C>T,TCC,0.0263505615693449
C>T,TCG,0.0427641707696953
C>T,TCT,0.042003354169843
T>A,ATA,0.00307764514557157
T>A,ATC,0.00514036991530871
T>A,ATG,0.00346926390620282
T>A,ATT,0.0109040414458206
T>A,CTA,0.000292966706426434
T>A,CTC,0.00155900140205495
T>A,CTG,0.00017936737128149
T>A,CTT,0.00297450890708471
T>A,GTA,0.000252609047888099
T>A,GTC,0.00189531522320775
T>A,GTG,0.000774269152698433
T>A,GTT,0.00224956578148869
T>A,TTA,0.00614034301020301
T>A,TTC,0.00286838321240983
T>A,TTG,0.000943173427321836
T>A,TTT,0.0091716515848602
T>C,ATA,0.0153493627974135
T>C,ATC,0.00732416766066085
T>C,ATG,0.0110953666418542
T>C,ATT,0.0141206963041353
T>C,CTA,0.00467700420616486
T>C,CTC,0.00523902196951353
T>C,CTG,0.00703867459470448
T>C,CTT,0.00618817430921141
T>C,GTA,0.0102642978215833
T>C,GTC,0.00663808746550915
T>C,GTG,0.00667246621167144
T>C,GTT,0.0102657925496773
T>C,TTA,0.00925834581431292
T>C,TTC,0.00775763880792445
T>C,TTG,0.0058862392342209
T>C,TTT,0.0136812462444957
T>G,ATA,0.00072942730987806
T>G,ATC,0.00135571838126926
T>G,ATG,0.00166811655291786
T>G,ATT,0.00336313821152794
T>G,CTA,0.00152761211208069
T>G,CTC,0.00221219757913838
T>G,CTG,0.00235718620425758
T>G,CTT,0.000841531916928991
T>G,GTA,0.00142298114549982
T>G,GTC,0.000683090738963675
T>G,GTG,0.00236465984472765
T>G,GTT,0.00195809380315627
T>G,TTA,0.000644227808519352
T>G,TTC,0.000869931750715228
T>G,TTG,0.00286688848431582
T>G,TTT,0.00655438269224445
