Mutation type,Trinucleotide,Biliary-AdenoCA::SP117655,Biliary-AdenoCA::SP117556,Biliary-AdenoCA::SP117627,Biliary-AdenoCA::SP117775,Biliary-AdenoCA::SP117332,Biliary-AdenoCA::SP117712,Biliary-AdenoCA::SP117017,Biliary-AdenoCA::SP117031,Biliary-AdenoCA::SP117759,Biliary-AdenoCA::SP117621
C>A,ACA,269,114,105,217,52,192,54,196,242,171
C>A,ACC,148,56,71,123,36,139,54,102,187,130
C>A,ACG,25,13,13,29,8,31,12,15,14,20
C>A,ACT,154,70,73,126,31,119,41,122,171,123
C>A,CCA,215,63,71,129,30,190,54,133,316,135
C>A,CCC,148,49,55,82,22,175,39,96,125,113
C>A,CCG,27,7,8,26,10,46,8,17,17,18
C>A,CCT,180,69,61,143,38,159,41,165,259,127
C>A,GCA,165,81,61,162,21,181,48,142,229,116
C>A,GCC,76,37,50,84,25,331,39,67,64,72
C>A,GCG,19,14,9,23,15,141,6,17,31,15
C>A,GCT,136,52,45,115,24,212,31,114,165,100
C>A,TCA,292,128,100,277,64,162,65,216,329,208
C>A,TCC,186,50,71,169,47,233,87,130,129,149
C>A,TCG,36,20,21,21,6,44,11,20,20,23
C>A,TCT,330,164,153,333,73,203,78,319,426,281
C>G,ACA,80,29,22,65,15,72,20,48,61,81
C>G,ACC,61,19,16,32,7,45,23,45,38,25
C>G,ACG,11,6,4,28,3,12,0,10,8,18
C>G,ACT,117,21,18,64,21,49,24,63,57,49
C>G,CCA,68,18,22,48,14,39,17,28,43,44
C>G,CCC,47,16,15,37,13,45,16,37,31,46
C>G,CCG,16,7,10,18,2,9,6,9,7,11
C>G,CCT,89,36,23,79,24,67,23,40,55,67
C>G,GCA,31,13,9,31,10,34,19,31,39,29
C>G,GCC,49,14,21,23,6,39,12,22,30,28
C>G,GCG,5,4,4,21,1,8,1,10,3,8
C>G,GCT,70,19,14,40,10,34,16,23,27,42
C>G,TCA,353,46,63,451,188,71,35,220,215,427
C>G,TCC,139,20,30,162,58,80,24,85,80,159
C>G,TCG,15,4,6,29,11,17,6,11,16,26
C>G,TCT,580,65,86,620,204,120,64,302,298,648
C>T,ACA,239,104,155,238,51,161,424,162,292,197
C>T,ACC,120,49,96,107,28,102,275,68,132,100
C>T,ACG,486,341,375,612,150,113,292,637,871,721
C>T,ACT,209,78,99,177,18,96,415,139,191,162
C>T,CCA,254,92,132,205,52,141,305,141,216,205
C>T,CCC,152,80,113,141,41,140,122,111,135,142
C>T,CCG,330,188,277,420,105,110,190,403,529,543
C>T,CCT,249,91,114,209,48,170,237,142,216,196
C>T,GCA,186,97,143,153,32,145,202,110,196,143
C>T,GCC,149,66,109,119,31,208,259,121,163,117
C>T,GCG,475,268,293,489,121,163,238,530,677,629
C>T,GCT,166,68,90,134,31,175,143,101,179,138
C>T,TCA,926,121,376,863,306,204,189,486,790,1026
C>T,TCC,464,96,187,383,111,186,151,245,359,410
C>T,TCG,247,177,192,354,106,78,123,286,415,401
C>T,TCT,767,82,278,622,169,180,149,341,631,719
T>A,ATA,193,39,42,91,28,100,52,80,116,79
T>A,ATC,103,32,48,73,17,73,39,58,87,52
T>A,ATG,147,46,43,106,35,96,37,74,67,81
T>A,ATT,239,125,73,133,33,133,78,193,237,142
T>A,CTA,157,35,11,50,22,114,29,44,43,54
T>A,CTC,118,30,31,57,14,85,31,56,49,51
T>A,CTG,217,31,26,61,34,156,30,41,53,59
T>A,CTT,193,42,43,81,28,93,32,94,82,120
T>A,GTA,96,20,15,35,12,55,17,26,36,31
T>A,GTC,44,13,17,22,9,38,25,29,28,29
T>A,GTG,102,18,20,38,17,64,25,40,38,40
T>A,GTT,88,20,20,51,11,55,22,47,49,65
T>A,TTA,226,77,57,94,38,139,52,130,164,109
T>A,TTC,67,26,24,59,18,68,24,45,30,52
T>A,TTG,107,19,19,43,17,94,16,29,38,35
T>A,TTT,179,66,56,104,23,148,29,137,148,142
T>C,ATA,251,86,73,186,66,577,113,155,168,206
T>C,ATC,73,21,47,71,19,96,34,49,88,68
T>C,ATG,128,87,51,135,43,306,101,80,97,121
T>C,ATT,193,78,83,167,40,254,101,126,163,177
T>C,CTA,95,34,32,63,17,172,55,67,65,56
T>C,CTC,107,31,33,78,11,93,34,52,83,88
T>C,CTG,97,46,37,65,23,128,58,59,92,92
T>C,CTT,171,51,38,108,22,125,47,84,117,126
T>C,GTA,89,54,45,99,36,214,68,71,97,90
T>C,GTC,48,30,34,51,15,131,24,39,79,52
T>C,GTG,67,24,26,71,21,113,53,60,74,65
T>C,GTT,106,39,61,130,35,157,64,75,97,98
T>C,TTA,150,51,52,96,28,464,100,91,99,108
T>C,TTC,98,38,46,81,20,116,60,80,102,78
T>C,TTG,69,37,22,54,15,235,68,49,66,59
T>C,TTT,144,76,81,125,27,232,80,114,152,135
T>G,ATA,86,18,13,32,12,49,21,32,35,39
T>G,ATC,26,4,6,12,6,18,7,20,24,24
T>G,ATG,44,17,11,33,7,25,17,28,34,27
T>G,ATT,83,26,25,67,13,60,23,59,52,48
T>G,CTA,36,9,10,14,7,29,17,23,31,23
T>G,CTC,31,15,9,34,5,32,9,24,30,33
T>G,CTG,49,23,8,43,8,45,16,34,34,44
T>G,CTT,268,53,44,132,18,63,31,155,128,109
T>G,GTA,19,8,7,21,2,21,8,18,14,20
T>G,GTC,17,5,6,7,4,24,4,5,5,23
T>G,GTG,43,20,14,28,7,28,14,25,28,44
T>G,GTT,89,15,14,34,7,70,17,46,59,65
T>G,TTA,83,26,16,38,15,49,19,47,23,44
T>G,TTC,48,10,8,30,8,39,15,28,21,30
T>G,TTG,63,31,15,53,16,56,11,45,40,52
T>G,TTT,197,64,52,122,38,104,47,127,124,131
