Mutation type,Trinucleotide,hdp.1,hdp.2,hdp.3,hdp.4,hdp.5,potential hdp.1
C>A,ACA,0.00724511527946528,0.00217425579915093,0.00290806556944715,0.0370313030838634,0.000384980158403407,0.0217556754237437
C>A,ACC,0.00311423491667572,0.00290809146278558,0.00149651844900896,0.0433329176217282,0.000768880428564448,0.0183840358507194
C>A,ACG,0.00128020895824778,0.00182193682005843,0.000180741688866255,0.00340310120857398,0.000166302789324333,0.00270489461083271
C>A,ACT,0.0012171235606369,0.00489353543336208,0.00117965212340224,0.0394223615572843,0.000301288819620058,0.0119995598188599
C>A,CCA,0.0024133197537971,0.00252462826454678,0.00257500069625336,0.0293621407140779,0.00040603797912954,0.0145712903873132
C>A,CCC,0.00243667348272036,0.00659089537683532,0.00146440553888021,0.0320370298695956,0.00043762471021874,0.00489285380715072
C>A,CCG,0.00390280238681176,0.00134114793698746,0.000158291070280667,0.00434776999393634,7.91018137532947e-05,0.00430286311938619
C>A,CCT,0.00425674786283051,0.00263363303155883,0.000642542387620445,0.0311425331745028,0.00022542667059386,0.00552353350786454
C>A,GCA,0.0111272935939812,0.00711256104753581,0.00245933738278077,0.0214148816153693,0.000434924989612825,0.00221200270396986
C>A,GCC,0.0036768474770997,0.00214116506630799,0.00143996562497691,0.0269309445684412,0.000434655017552234,0.00937511848363146
C>A,GCG,0.00255283553697502,0.000975203362018457,0.000291858041612648,0.0023924919617144,9.74599138735132e-05,0.0017671978124107
C>A,GCT,0.00333564039867545,0.00202632075820602,0.00109269149951376,0.0273609910564665,0.000438164654339922,0.0120837120956414
C>A,TCA,0.0057313690319849,0.00546191743278202,0.0643340947597983,0.0274914384911676,0.00793150916811619,0.0108852357142263
C>A,TCC,0.00976185868992253,0.0129190114046237,0.0240099419296278,0.0286640319151834,0.00216841559067052,0.00345024334803995
C>A,TCG,0.00128688145222585,0.00385020409196109,0.00991180601301454,0.000920299484374261,0.000486489653185792,0.00322183002534741
C>A,TCT,0.0124696780642974,0.00923231446318072,0.0327281707520162,0.0304974634424648,0.0024975115325315,0.00920773868036284
C>G,ACA,0.0132121446669485,0.00150270857380888,0.00474589025796613,0.00354501654962235,0.0011460313972107,0.00555774926875371
C>G,ACC,0.00626031582733769,0.00297427292847146,0.00132089209095968,0.00324111703141776,0.000380930577494535,0.00601272641355018
C>G,ACG,0.00190893986809086,0.000661814656858833,0.000355515491779379,0.000285264170390153,0.000130666477326262,0.00105421533550403
C>G,ACT,0.01107148728071,0.00511738450847609,0.00434689445424251,0.0059905475781932,0.000713266184082609,0.00426772260820272
C>G,CCA,0.00806613533394923,0.00456652113232595,0.00459981914463712,0.00624570849442158,0.000474070938398585,0.007786397478021
C>G,CCC,0.00504470874260491,0.00322926622273178,0.00176308402158215,0.00512042018408857,0.00103750262885294,0.0142772197937252
C>G,CCG,0.00205270178380028,0.00106084996467078,0.000861080687523197,0.000417145093384595,0.000233525832411604,0.00210935542130236
C>G,CCT,0.00749017778556909,0.00135866656025725,0.00488116233957044,0.00643062848427248,0.000670340626448569,0.0188898742617025
C>G,GCA,0.00230079724171231,0.00175575535437255,0.00194553082072073,0.00315080726893244,0.000579899986150433,0.00736563609411369
C>G,GCC,0.00178307236804992,0.00325651741448479,0.000707336577968725,0.00164277758425686,0.000637134062995821,0.0112015003148775
C>G,GCG,0.00136725467514356,0.000753300800601083,0.000196087681317164,0.000127580458114189,0.000350423734647701,0.00283158540115205
C>G,GCT,0.00616204818875151,0.0006871193349152,0.00276682560188972,0.00522793180609491,0.000232175972108647,0.0110526155174949
C>G,TCA,0.00238723636824645,0.0213960785535067,0.26726836219043,0.0128082179016885,0.0126492709269518,0.0045701159544394
C>G,TCC,0.00819048635808606,0.0050998658852063,0.0572752224174258,0.0046172657930989,0.0019419090318343,0.00646770355834666
C>G,TCG,0.0014676453799955,0.0019095299364074,0.0103900894444012,0.00240682684464857,0.0007040871340225,0.00111709835551655
C>G,TCT,0.0117017346664572,0.0218827069776677,0.297047544726463,0.00628011221346361,0.0216663377507062,0.0291444302752149
C>T,ACA,0.0411307693567534,0.0252248709948048,0.00941703984899543,0.00998424596365534,0.00194730847304612,0.0263137696243572
C>T,ACC,0.031008292696834,0.00337136172258676,0.00291687530585416,0.0015582017749452,0.00329149936273095,0.00312750549532862
C>T,ACG,0.00415878351942515,0.206896887329948,0.0166339190766032,0.000897363671679575,0.00518778311632529,0.00639927203656833
C>T,ACT,0.0215139403563961,0.00703470049967007,0.00384985480986031,0.010871575217281,0.00268352228227901,0.022810815509542
C>T,CCA,0.0260821723699303,0.00860943008025476,0.00214048176185634,0.00335006214171752,0.00454929919302651,0.0094999597733622
C>T,CCC,0.0292006534191376,0.0133920142329082,0.00352332619271043,0.00577695782247394,0.000819905148016232,0.00235071524811513
C>T,CCG,0.0132897882332388,0.104087873414321,0.0151928167114448,0.00227781289824097,0.0035614714233224,0.0376854239933862
C>T,CCT,0.0308957701847492,0.00658505583574539,0.00336986626820134,0.0115883193639899,0.00313167590286081,0.0132414994641072
C>T,GCA,0.0155814866195265,0.0156110398470819,0.00814417503070619,0.00290138030587773,0.000640373727722918,0.0287782291586714
C>T,GCC,0.0369923066144433,0.00625609502101262,0.00213053528526779,0.00383314769659934,0.000975139082856315,0.00765970668770165
C>T,GCG,0.0168168078910127,0.138473037865531,0.0105665683575866,0.000468750671947638,0.0026932412764603,0.00860480148847807
C>T,GCT,0.017932934156436,0.00234360249075893,0.00391635411048092,0.00414278116797759,0.00127399815393105,0.0243542237507317
C>T,TCA,0.00569952303799864,0.00384825757826445,0.0182398487680862,0.00850631953314153,0.480083486160017,0.00654445783277371
C>T,TCC,0.0290120038166666,0.0246525959679915,0.0126127006843744,0.0211439523279133,0.0810178054673122,0.0111941023125231
C>T,TCG,0.0199037462414145,0.0708063822291086,0.00959351876218088,0.00248853567737339,0.039486383554166,0.00909214489357511
C>T,TCT,0.00231596200075339,0.0120469732685274,0.0117200754568133,0.0288933900421302,0.281497167858098,0.033177266308665
T>A,ATA,0.0117329740700818,0.00164091104627058,0.000803106938264209,0.019081162673685,0.000644693280692381,0.00201410614098928
T>A,ATC,0.00645290826715938,0.00598942264457244,0.000987258847675111,0.0179329385506573,0.000523205853426229,0.00468848399211003
T>A,ATG,0.00986346257549775,0.0021995604772073,0.00125041419970365,0.0198007737969808,0.000237305441259884,0.00909584389475232
T>A,ATT,0.00238844954896974,0.00197181837469999,0.0010540423333411,0.0285264170390153,0.000110958516903086,0.00971357709134591
T>A,CTA,0.00218888131998915,0.00160782031342764,0.000441055190440924,0.0140496187637884,0.000219217313200257,0.00720010579143367
T>A,CTC,0.00599068641158733,0.00126523390281836,0.00119244045044466,0.0249627651415785,0.000193569967444069,0.00064362620483404
T>A,CTG,0.00605225533329411,0.00221902561417373,0.000435655674578568,0.0245456200481939,0.000701117441355994,0.0023886300101815
T>A,CTT,0.00411935514591834,0.00217425579915093,0.00135527848145153,0.0409748293790559,0.00026079301053134,0.00454144869531605
T>A,GTA,0.00343117838063424,0.00145793875878608,0.000193814200954066,0.0113288579828813,0.000354203343495982,0.0044637696705947
T>A,GTC,0.00263927466350916,0.00203216029929595,0.00053568881055486,0.0117101658689304,0.000163063124597235,0.00190221135537876
T>A,GTG,0.00503106045946794,0.00101802666334462,0.000480272726704357,0.0137041480850747,0.000483519960519286,0.00227765997486529
T>A,GTT,0.0010342365666015,0.000726049608848073,0.00060758762703782,0.0242789912256182,0.000193569967444069,0.00450075968236677
T>A,TTA,0.00431134099537839,0.00388134831110739,0.000831525442802928,0.00976635574305582,0.0011460313972107,0.0130130861414147
T>A,TTC,0.00337597865772472,0.00246623285364747,0.000529436739556342,0.014597211291874,0.000175751811445034,0.00146480446617402
T>A,TTG,0.003295605434807,0.00157278306688805,0.00102363453348467,0.0114894086717441,0.000235415636835744,0.00469865624534735
T>A,TTT,0.00892112444868519,0.0067952793149829,0.000945199460957806,0.0270370227021541,0.000562621774272581,0.00597851065266102
T>C,ATA,0.0421734981884179,0.0344338272936258,0.00467740166202782,0.0119997305042008,0.00119813600490485,0.0734187001155013
T>C,ATC,0.0103047570635931,0.00455873507753937,0.00155278708799563,0.0036697300311497,0.000995926931521857,0.021355258546311
T>C,ATG,0.0614042324235893,0.00314361962007946,0.00637881752876095,0.00604071966846283,0.0021913632158208,0.00970155533751999
T>C,ATT,0.0583439840490999,0.0203780518901621,0.00242836121283357,0.0142703759609747,0.00228450357672484,0.0141745725110577
T>C,CTA,0.0161944461799669,0.000924594005905723,0.00103755960070864,0.00285694216878178,0.00132988237047348,0.00810266207867221
T>C,CTC,0.0116413789254737,0.00182193682005843,0.000994363473809791,0.00345470678713702,0.000962180423947926,0.00977738486165273
T>C,CTG,0.022846619380926,0.0087495790664131,0.00118476745421921,0.003629592358934,0.000870389923346833,0.0267262082556158
T>C,CTT,0.00668432249012623,0.00370616207840947,0.00298735319711018,0.00782397910547464,0.00079533769050241,0.0295060076402869
T>C,GTA,0.00799607414717945,0.00982989416805031,0.00145275395201933,0.00306336448303395,0.000319916891800868,0.0257968342098425
T>C,GTC,0.00760997938199361,0.00275626339444738,0.00105517907352265,0.00342173655638841,0.000339624852224043,0.0135873560741761
T>C,GTG,0.0176278192045295,0.0117024403442215,0.00132657579186742,0.00434490301734951,0.000600147890694792,0.00513698788484639
T>C,GTT,0.00892294421977011,0.00288278678472921,0.00164770489315495,0.00623567407636766,0.000879029029285759,0.0294523721232174
T>C,TTA,0.0139831210165969,0.00637483235650788,0.0011472550282281,0.0046817727663027,0.000480820239913371,0.0305352547178448
T>C,TTC,0.0140516657274626,0.00275042385335744,0.000782645614996331,0.00180332827311966,0.00148592622149534,0.00158687150502186
T>C,TTG,0.00854170217747742,0.00408573224925497,0.00147378364537799,0.000371273467995224,0.000590968840634683,0.0174888775658353
T>C,TTT,0.0211041885671062,0.0144489711701856,0.00440174216800224,0.00645499778526059,0.00028131088713629,0.00651579057365035
T>G,ATA,0.00418759656160319,0.0011153523481768,0.000844882139936127,0.00112242133374618,0.000329365913921568,0.00387285423253586
T>G,ATC,0.000967511626820757,0.000568381999419939,0.000279638084660999,0.00028669765868357,0.000145784912719383,0.00572235482113942
T>G,ATG,0.0110933245337292,0.00118153381386268,0.00128650570046783,0.00532110854516707,0.0003315256904063,0.00572420432172803
T>G,ATT,0.00125594534378205,0.0041538602286375,0.000591957449541524,0.000788418561379819,0.000245404603077628,0.00628830200125211
T>G,CTA,0.00224529422362196,0.00135672004656061,0.000293278966839584,0.00101777668832667,0.000256473457561877,0.00146665396676262
T>G,CTC,0.00498374641125977,0.00431931389285221,0.000564391500138967,0.00201118407566525,0.000367701946525554,0.00163588327061985
T>G,CTG,0.00475142230275046,0.00282828440122319,0.000931842763824608,0.0052437001773225,0.000431415352825136,0.00684130267724458
T>G,CTT,0.00868667727391012,0.00122046408779555,0.00141382060080129,0.000511755320750173,0.000263492731137255,0.00223789571221031
T>G,GTA,0.00161140729570492,0.000895396300456068,0.000276512049161739,0.000841457628236279,0.000399018705554162,0.0032199805247588
T>G,GTC,0.00101088283767824,0.00046132374610454,0.000211717858813459,0.001012042735153,0.000224616754412086,0.00083597426604881
T>G,GTG,0.00748168552050609,0.000685172821218557,0.00109752264528534,0.0042474258133971,0.000218947341139665,0.00127153165466495
T>G,GTT,0.000753081933979918,0.000605365759656168,0.000512669821878497,0.000703842752068165,0.000168732537869656,0.00352329862128979
T>G,TTA,0.00290647771781295,0.00297037990107817,0.000308340774245105,0.00027379626404281,0.000179801392353905,0.0120837120956414
T>G,TTC,0.0056652506825658,0.00458793278298903,0.000452138407211025,0.00131307527677075,0.000325046360952105,0.00850585320698778
T>G,TTG,0.00690421149622185,0.00219566744981401,0.000685738514519298,0.00402666861621075,0.000226236586775635,0.00911711315152126
T>G,TTT,0.0174255213189216,0.0042297742628066,0.00174120177308734,0.00139765108608241,0.000429525548400996,0.00532748644547256
