Mutation type,Trinucleotide,low confidence hdp.1,low confidence hdp.2
C>A,ACA,0.0187472188723293,0.0160488955454113
C>A,ACC,0.00686495166480721,0.0134286371966076
C>A,ACG,0.00126722686907902,0.00181011572184904
C>A,ACT,0.00823536240108859,0.0120445189815521
C>A,CCA,0.0117984303154202,0.0136842357006837
C>A,CCC,0.0106859792471447,0.00863653892720375
C>A,CCG,0.00231841251620309,0.00124062431803031
C>A,CCT,0.00914467023080941,0.0142298114549982
C>A,GCA,0.00735829952986851,0.0137709299301364
C>A,GCC,0.00215073873199925,0.00901321040689488
C>A,GCG,0.000512694840161741,0.00261577416452173
C>A,GCT,0.00759046323107382,0.0100789515379257
C>A,TCA,0.0196790981730007,0.0201519241634754
C>A,TCC,0.0136847603877134,0.0110221249652476
C>A,TCG,0.00203788137724667,0.00182207354660114
C>A,TCT,0.0157323152525103,0.0302697386318455
C>G,ACA,0.00629744039519421,0.00454696286198578
C>G,ACC,0.00523335676466984,0.00151565428732859
C>G,ACG,0.000667470640965285,0.00110161460528715
C>G,ACT,0.0137202298420642,0.000895342128313438
C>G,CCA,0.00611041963588993,0.00223611322864258
C>G,CCC,0.00368882325248447,0.00263072144546186
C>G,CCG,0.00134461476948079,0.000817616267424793
C>G,CCT,0.00786132088248002,0.00384892484208198
C>G,GCA,0.00170253380883899,0.00291920396760625
C>G,GCC,0.00398870136654134,0.0017817158880628
C>G,GCG,0.000425633452209747,0.000808647898860718
C>G,GCT,0.00729380961286703,0.00104630966580869
C>G,TCA,0.0357080670437177,0.0180757468408922
C>G,TCC,0.0136750869001632,0.00687724396055114
C>G,TCG,0.000815797450068682,0.00153060156826872
C>G,TCT,0.0628293016386888,0.0218544194625556
C>T,ACA,0.00331155723802583,0.0249903590037936
C>T,ACC,0.00231518802035302,0.0124092326364911
C>T,ACG,0.00185086061794238,0.0820710354579398
C>T,ACT,0.00614911358609082,0.0165526189130935
C>T,CCA,0.0137202298420642,0.0177304646511753
C>T,CCC,0.00651993060884931,0.0147918292183469
C>T,CCG,0.00169608481713884,0.054890899796418
C>T,CCT,0.0137428013130147,0.0168156910576397
C>T,GCA,0.00560417378742834,0.0163792304541881
C>T,GCC,0.00300523013226882,0.0154300781144902
C>T,GCG,0.010131365960932,0.0616679969746703
C>T,GCT,0.0074453609178205,0.0137963403077346
C>T,TCA,0.0705003772660145,0.0642329503839957
C>T,TCC,0.0367399057157413,0.0263505615693449
C>T,TCG,0.0016767378420384,0.0427641707696953
C>T,TCT,0.0636966910223587,0.042003354169843
T>A,ATA,0.0196565267020501,0.00307764514557157
T>A,ATC,0.0079999742040332,0.00514036991530871
T>A,ATG,0.0147004765804866,0.00346926390620282
T>A,ATT,0.0170833790136912,0.0109040414458206
T>A,CTA,0.0194437099759453,0.000292966706426434
T>A,CTC,0.0125497378484874,0.00155900140205495
T>A,CTG,0.0247995975829179,0.00017936737128149
T>A,CTT,0.0207012633574741,0.00297450890708471
T>A,GTA,0.0104441420583892,0.000252609047888099
T>A,GTC,0.0036114353520827,0.00189531522320775
T>A,GTG,0.0115533686308146,0.000774269152698433
T>A,GTT,0.00832242378904058,0.00224956578148869
T>A,TTA,0.0213010195855878,0.00614034301020301
T>A,TTC,0.00618135854459155,0.00286838321240983
T>A,TTG,0.0115920625810155,0.000943173427321836
T>A,TTT,0.0132365554645531,0.0091716515848602
T>C,ATA,0.0167383579577333,0.0153493627974135
T>C,ATC,0.00279886239786409,0.00732416766066085
T>C,ATG,0.00556870433307752,0.0110953666418542
T>C,ATT,0.0103570806704372,0.0141206963041353
T>C,CTA,0.00636193031219569,0.00467700420616486
T>C,CTC,0.00840303618529243,0.00523902196951353
T>C,CTG,0.00576539857993203,0.00703867459470448
T>C,CTT,0.0154195391550531,0.00618817430921141
T>C,GTA,0.0022313511282511,0.0102642978215833
T>C,GTC,0.00111890005997562,0.00663808746550915
T>C,GTG,0.00308906702437074,0.00667246621167144
T>C,GTT,0.00519788731031903,0.0102657925496773
T>C,TTA,0.00866099585329834,0.00925834581431292
T>C,TTC,0.00553001038287664,0.00775763880792445
T>C,TTG,0.00222167764070088,0.0058862392342209
T>C,TTT,0.00495927461741357,0.0136812462444957
T>G,ATA,0.00991532473897706,0.00072942730987806
T>G,ATC,0.00196694246854504,0.00135571838126926
T>G,ATG,0.00350825148488034,0.00166811655291786
T>G,ATT,0.00731315658796747,0.00336313821152794
T>G,CTA,0.0027859644144638,0.00152761211208069
T>G,CTC,0.00196371797269497,0.00221219757913838
T>G,CTG,0.0041660486382954,0.00235718620425758
T>G,CTT,0.0299394439679356,0.000841531916928991
T>G,GTA,0.00137041073628138,0.00142298114549982
T>G,GTC,0.00134461476948079,0.000683090738963675
T>G,GTG,0.00318580189987296,0.00236465984472765
T>G,GTT,0.00829017883053985,0.00195809380315627
T>G,TTA,0.00970895700457234,0.000644227808519352
T>G,TTC,0.0054365000032245,0.000869931750715228
T>G,TTG,0.00527849970657088,0.00286688848431582
T>G,TTT,0.018950362110884,0.00655438269224445
